{"cameraMode":{"drawMode":0,"name":"Shaded","section":"Shading Mode"},"sceneLighting":true,"audioPlay":false,"sceneViewState":{"m_AlwaysRefresh":false,"showFog":true,"showSkybox":true,"showFlares":true,"showImageEffects":true,"showParticleSystems":true,"showVisualEffectGraphs":true,"m_FxEnabled":true},"in2DMode":false,"pivot":{"x":2.3339955806732179,"y":4.094207763671875,"z":-6.929296493530273},"rotation":{"x":-0.3196936249732971,"y":-0.022456828504800798,"z":0.007581024896353483,"w":-0.9472268223762512},"size":47.02957534790039,"orthographic":false}